CFG;MIXED
1;1;0;0;11;111;1111;11111;111111;1.11111e+06;rewq;
2;2;1;0;22;222;2222;22222;222222;2.22222e+06;fdas;
3;3;0;1;33;333;3333;33333;333333;3.33333e+06;vczx;
4;4;1;3;44;444;4444;44444;444444;4.44444e+06;zxcv;
5;5;0;2;55;555;5555;55555;555555;5.55556e+06;asdf;
6;6;1;4;66;666;6666;66666;666666;6.66667e+06;qwer;